Displaying 4 item(s) at 2026-09-06,,,,,,,,,,,,,,,,,,,,,,,,,,,,,,,,
Visit,Vessel Name,Line,Vessel Class,I/B Vyg,O/B Vyg,Phase,Est. Time of Berth,ETD,ETA,ATA,ATD,ATB,Service,Vessel Loa M,BEAM M,Berthside,Bollard Fore,Bollard Fore offset,Bollard Aft,Bollard Aft offset,Draft Forward,Draft Aft,Est Disch,Previous Port,Next Port,EST Loading,Additional Moves,Total Moves,vessel berth,Bollard Fore Meter,Bollard Aft Meter,"LOA Check (Fore-Aft, m)"
V1001,TS SINGAPORE,TSL,Container,Y,Y,Working,2026-09-08 0500,2026-09-08 1000,2026-09-08 0400,2026-09-08 0530,2026-09-08 1000,2026-09-08 0600,Asia Service,180,28,Port,280,0,100,0,9.2,9.5,60,Singapore,Jeddah,55,5,120,R3,280,100,180
V1002,MSC SIMONA,MSC,Container,Y,Y,Inbound,2026-09-08 0700,2026-09-08 1200,2026-09-08 0600,,,,Mainline,180,30,Starboard,470,0,290,0,10.1,10.4,70,Colombo,Port Klang,65,5,140,R3,470,290,180
V1003,DANIEL A,ARL,Container,Y,Y,Working,2026-09-08 0900,2026-09-08 1500,2026-09-08 0800,,2026-09-08 1500,2026-09-08 1000,Regional,140,22,Port,190,0,50,0,7.8,8,40,Salalah,Jebel Ali,45,5,90,R4,190,50,140
V1004,CMA CGM APOLLON,CMA CGM,Container,Y,Y,Inbound,2026-09-09 0430,2026-09-09 0930,2026-09-09 0330,,,,Mainline,240,32,Starboard,360,0,120,0,11,11.3,90,Port Said,Colombo,80,10,180,R3,360,120,240
V1005,DEDE KORKUT,ZSL,Container,Y,Y,Working,2026-09-09 1000,2026-09-09 1500,2026-09-09 0900,2026-09-09 1030,,2026-09-09 1100,Regional,130,21,Port,330,0,200,0,7.2,7.5,35,Aqaba,Jeddah,40,5,80,R4,330,200,130
V1006,CMA CGM PELLEAS,CMA CGM,Container,Y,Y,Inbound,2026-09-09 1400,2026-09-09 2100,2026-09-09 1300,,,,Mainline,220,29,Starboard,620,0,400,0,10.5,10.8,80,Singapore,Port Said,70,10,160,R2,620,400,220
V1007,TRANSMAR ODYSSEY,TSL,Container,Y,Y,Working,2026-09-10 0300,2026-09-10 0800,2026-09-10 0200,2026-09-10 0330,2026-09-10 0800,2026-09-10 0400,Regional,150,24,Port,180,0,30,0,8,8.2,50,Colombo,Jeddah,45,5,100,R1,180,30,150
V1008,EKR TASMAN,KRT,Container,Y,Y,Inbound,2026-09-10 0600,2026-09-10 1100,2026-09-10 0500,,,,Mainline,230,31,Starboard,420,0,190,0,10.8,11,85,Salalah,Colombo,80,5,170,R1,420,190,230
V1009,CMA CGM MAPUTO,CMA CGM,Container,Y,Y,Working,2026-09-10 1200,2026-09-10 1800,2026-09-10 1100,,2026-09-10 1800,2026-09-10 1300,Mainline,210,28,Port,260,0,50,0,9.5,9.8,65,Port Klang,Singapore,60,5,130,R2,260,50,210
V1010,CUL HUMEN,CUL,Container,Y,Y,Inbound,2026-09-11 0500,2026-09-11 1000,2026-09-11 0400,,,,Mainline,220,29,Starboard,300,0,80,0,9.8,10,70,Colombo,Jebel Ali,70,10,150,R4,300,80,220
V1011,DANIEL A,ARL,Container,Y,Y,Working,2026-09-11 0700,2026-09-11 1200,2026-09-11 0600,2026-09-11 0730,2026-09-11 1200,2026-09-11 0800,Regional,140,22,Port,450,0,310,0,7.8,8,40,Salalah,Jeddah,45,5,90,R4,450,310,140
V1012,MSC SIMONA,MSC,Container,Y,Y,Inbound,2026-09-11 1500,2026-09-11 2000,2026-09-11 1400,,,,Mainline,160,23,Starboard,180,0,20,0,8.4,8.7,45,Colombo,Port Klang,50,5,100,R3,180,20,160
V1013,TS SINGAPORE,TSL,Container,Y,Y,Inbound,2026-09-12 0400,2026-09-12 0900,2026-09-12 0300,,,,Asia Service,270,34,Starboard,520,0,250,0,11.5,11.8,95,Singapore,Jeddah,90,5,190,R2,520,250,270
V1014,DEDE KORKUT,ZSL,Container,Y,Y,Working,2026-09-12 0830,2026-09-12 1530,2026-09-12 0730,,2026-09-12 1530,2026-09-12 0930,Regional,140,21,Port,640,0,500,0,7.3,7.6,40,Aqaba,Jeddah,40,5,85,R3,640,500,140
V1015,CMA CGM APOLLON,CMA CGM,Container,Y,Y,Inbound,2026-09-12 1300,2026-09-12 1800,2026-09-12 1200,,,,Mainline,230,30,Starboard,250,0,20,0,10.7,11,75,Port Said,Colombo,70,10,155,R4,250,20,230
V1016,TRANSMAR ODYSSEY,TSL,Container,Y,Y,Working,2026-09-13 0200,2026-09-13 0700,2026-09-13 0100,2026-09-13 0230,2026-09-13 0700,2026-09-13 0300,Regional,170,25,Port,270,0,100,0,8.6,8.9,55,Colombo,Jeddah,50,5,110,R1,270,100,170
V1017,EKR TASMAN,KRT,Container,Y,Y,Inbound,2026-09-13 0630,2026-09-13 1130,2026-09-13 0530,,,,Mainline,260,33,Starboard,560,0,300,0,11.2,11.5,85,Salalah,Colombo,85,5,175,R2,560,300,260
V1018,CMA CGM MAPUTO,CMA CGM,Container,Y,Y,Working,2026-09-13 1100,2026-09-13 1700,2026-09-13 1000,,2026-09-13 1700,2026-09-13 1200,Mainline,230,30,Port,430,0,200,0,10,10.3,70,Port Klang,Singapore,65,10,145,R3,430,200,230
V1019,CUL HUMEN,CUL,Container,Y,Y,Inbound,2026-09-14 0500,2026-09-14 1000,2026-09-14 0400,,,,Mainline,240,31,Starboard,340,0,100,0,10.4,10.7,80,Colombo,Jebel Ali,75,10,165,R4,340,100,240
V1020,DANIEL A,ARL,Container,Y,Y,Working,2026-09-14 0600,2026-09-14 1100,2026-09-14 0500,2026-09-14 0630,2026-09-14 1100,2026-09-14 0700,Regional,130,20,Port,480,0,350,0,7,7.3,35,Salalah,Jeddah,35,5,75,R4,480,350,130
V1021,CMA CGM PELLEAS,CMA CGM,Container,Y,Y,Inbound,2026-09-14 1400,2026-09-14 1900,2026-09-14 1300,,,,Mainline,260,34,Starboard,300,0,40,0,11.8,12,100,Singapore,Port Said,90,10,200,R1,300,40,260
